Date,RELIANCE.NS,HDFCBANK.NS,TCS.NS,INFY.NS,^NSEI
2023-09-07,2469.98,1534.91,3697.77,1487.01,22089.93
2023-09-08,2527.66,1515.39,3677.3,1475.05,22076.73
2023-09-11,2515.69,1503.3,3723.55,1514.65,22182.79
2023-09-12,2445.38,1483.72,3648.25,1477.67,21884.09
2023-09-13,2413.17,1457.63,3550.16,1451.38,21654.3
2023-09-14,2462.23,1430.21,3501.96,1433.37,21549.46
2023-09-15,2428.62,1430.8,3477.8,1439.86,21410.95
2023-09-18,2480.63,1441.31,3480.94,1442.1,21513.2
2023-09-19,2412.28,1430.97,3452.17,1432.79,21372.96
2023-09-20,2394.64,1433.94,3436.65,1428.27,21327.96
2023-09-21,2363.93,1440.47,3400.81,1411.15,21239.32
2023-09-22,2352.99,1442.56,3471.55,1437.79,21336.86
2023-09-25,2367.34,1451.18,3443.87,1414.88,21407.31
2023-09-26,2339.92,1424.08,3457.27,1416.79,21147.33
2023-09-27,2309.75,1416.82,3383.98,1376.6,20941.69
2023-09-28,2321.49,1421.32,3415.52,1364.28,21001.3
2023-09-29,2334.45,1444.63,3464.17,1376.67,20982.23
2023-10-02,2338.82,1458.85,3482.9,1385.12,21464.57
2023-10-03,2347.45,1434.9,3508.3,1390.29,21462.49
2023-10-04,2458.19,1447.33,4142.4,1566.86,22344.3
2023-10-05,2464.0,1513.69,4223.3,1597.11,22766.32
2023-10-06,2547.0,1544.39,4284.89,1631.31,23265.64
2023-10-09,2568.02,1535.0,4291.84,1651.99,23446.17
2023-10-10,2575.94,1537.54,4335.31,1665.26,23672.81
2023-10-11,2541.34,1544.5,4306.15,1660.57,23622.84
2023-10-12,2558.52,1498.37,4253.02,1644.65,23413.2
2023-10-13,2576.34,1511.49,4308.99,1664.97,23584.29
2023-10-16,2654.13,1583.64,4386.07,1682.34,24310.51
2023-10-17,2663.23,1594.59,4359.5,1673.76,24227.19
2023-10-18,2674.35,1557.37,4345.82,1667.89,24045.78
2023-10-19,2679.64,1572.46,4382.71,1681.79,24281.22
2023-10-20,2637.16,1573.5,4349.2,1702.51,24304.27
2023-10-23,2695.76,1603.28,4303.85,1692.31,24392.98
2023-10-24,2660.05,1595.97,4264.35,1666.84,24067.86
2023-10-25,2738.24,1619.04,4297.83,1673.78,24273.08
2023-10-26,2669.95,1617.1,4234.07,1628.31,23972.03
2023-10-27,2632.87,1613.73,4223.02,1647.69,23806.73
2023-10-30,2727.19,1608.72,4217.07,1638.21,23783.38
2023-10-31,2715.01,1611.41,4252.67,1667.75,23793.76
2023-11-01,2764.47,1629.08,4229.43,1654.21,23875.44
2023-11-02,2779.9,1578.52,4218.45,1652.99,23768.55
2023-11-03,2766.71,1579.93,4207.94,1606.28,23785.12
2023-11-06,2782.4,1600.97,4179.13,1603.9,23886.66
2023-11-07,2723.78,1592.23,4146.68,1585.0,23627.02
2023-11-08,2748.45,1567.42,4081.46,1565.32,23527.84
2023-11-09,2757.35,1595.15,4114.07,1563.36,23861.51
2023-11-10,2751.23,1623.97,4022.74,1531.96,23806.86
2023-11-13,2748.78,1659.05,4074.75,1535.1,23971.4
2023-11-14,2749.08,1663.03,4062.23,1507.07,23738.13
2023-11-15,2732.16,1641.66,4041.91,1520.81,23568.85
2023-11-16,2755.77,1643.0,4062.67,1517.27,23569.64
2023-11-17,2844.71,1675.76,3973.33,1523.06,23917.79
2023-11-20,2830.62,1711.31,4003.93,1517.29,24037.4
2023-11-21,2899.26,1729.48,3994.2,1477.67,24113.81
2023-11-22,2854.73,1763.13,3986.23,1476.12,24067.14
2023-11-23,2804.24,1753.09,3888.79,1449.65,23694.95
2023-11-24,2803.06,1776.53,3922.79,1456.38,23839.84
2023-11-27,2836.79,1766.32,3977.55,1488.74,23871.51
2023-11-28,2849.15,1763.83,4042.13,1519.57,24003.09
2023-11-29,2917.13,1838.38,3942.39,1488.48,24096.24
2023-11-30,2917.14,1818.9,3979.45,1538.32,24185.9
2023-12-01,2853.67,1789.1,3923.96,1539.91,23974.81
2023-12-04,2871.05,1775.17,3888.91,1533.81,23912.72
2023-12-05,2926.54,1775.96,3693.12,1467.24,23627.06
2023-12-06,2946.13,1787.84,3737.35,1475.88,23735.6
2023-12-07,2922.2,1784.2,3792.42,1499.03,23782.93
2023-12-08,2971.06,1756.15,3796.1,1502.49,23677.6
2023-12-11,2957.96,1752.57,3736.15,1471.58,23609.59
2023-12-12,2988.73,1742.11,3735.43,1460.39,23536.72
2023-12-13,3012.64,1753.87,3765.06,1473.44,23568.93
2023-12-14,2996.22,1734.82,3797.12,1478.68,23371.41
2023-12-15,3067.45,1726.95,3914.65,1515.97,23555.04
2023-12-18,3019.52,1736.64,3959.5,1550.59,23664.82
2023-12-19,3024.75,1798.67,3986.6,1551.98,23765.36
2023-12-20,3025.59,1782.64,3979.44,1542.61,23646.65
2023-12-21,3058.82,1736.53,4023.44,1554.79,23587.87
2023-12-22,3115.16,1728.92,4003.93,1547.06,23543.69
2023-12-25,3128.9,1712.88,3930.64,1532.19,23422.05
2023-12-26,3066.51,1719.69,3952.92,1551.85,23427.9
2023-12-27,3085.54,1722.92,3915.04,1514.95,23406.48
2023-12-28,2909.85,1697.25,3820.61,1467.69,22858.03
2023-12-29,2992.41,1735.03,3880.09,1471.86,23206.01
2024-01-01,3006.79,1773.39,3940.46,1501.38,23575.54
2024-01-02,2939.34,1716.3,3978.35,1491.57,23189.09
2024-01-03,3037.59,1779.9,4003.35,1514.05,23725.59
2024-01-04,3062.29,1776.36,3965.46,1514.74,23851.08
2024-01-05,3049.13,1790.14,3982.46,1519.27,23860.62
2024-01-08,3072.96,1784.61,3962.84,1506.6,23783.51
2024-01-09,3081.26,1763.88,3965.46,1533.18,23679.43
2024-01-10,3082.6,1792.35,4027.57,1588.8,23856.63
2024-01-11,3040.61,1799.42,4085.79,1595.74,23886.14
2024-01-12,3016.59,1765.79,4064.58,1607.19,23657.65
2024-01-15,3026.34,1773.15,4062.22,1579.42,23668.76
2024-01-16,2977.81,1786.29,4082.5,1583.42,23696.29
2024-01-17,2930.28,1799.17,4093.0,1581.26,23502.46
2024-01-18,2890.09,1818.56,4054.75,1566.55,23299.55
2024-01-19,2970.15,1823.44,4063.38,1564.21,23569.08
2024-01-22,3150.73,1855.72,4106.57,1559.49,23885.77
2024-01-23,3164.69,1858.54,4100.77,1557.74,24144.94
2024-01-24,3033.71,1882.26,4078.46,1539.2,23988.54
2024-01-25,3002.75,1924.23,4110.74,1562.18,24043.13
2024-01-26,2990.76,1937.02,4186.94,1583.34,24296.87
2024-01-29,3018.88,1981.56,4265.88,1606.72,24414.96
2024-01-30,3027.39,1972.07,4310.67,1623.37,24456.15
2024-01-31,3076.07,1983.71,4298.93,1603.23,24931.29
2024-02-01,3080.34,1997.48,4335.31,1604.25,24778.99
2024-02-02,3100.21,2052.89,4435.02,1625.39,25025.27
2024-02-05,3014.45,2049.98,4343.51,1610.58,24662.14
2024-02-06,3020.71,2088.57,4399.65,1649.64,24861.24
2024-02-07,3069.9,2093.2,4409.96,1646.37,24941.75
2024-02-08,3059.33,2061.96,4405.03,1659.0,24923.41
2024-02-09,3010.39,2051.49,4423.94,1649.25,24821.75
2024-02-12,3007.08,2061.56,4493.77,1663.35,24728.49
2024-02-13,3019.12,2015.71,4421.99,1646.61,24466.29
2024-02-14,2976.75,2020.08,4433.43,1651.76,23883.54
2024-02-15,2967.02,2027.67,4507.31,1661.71,24094.68
2024-02-16,2983.85,2024.21,4557.69,1663.4,24121.53
2024-02-19,2911.17,2043.68,4596.2,1682.44,24181.16
2024-02-20,2896.08,2047.09,4762.92,1734.92,24342.97
2024-02-21,2929.69,2051.9,4778.66,1749.39,24397.91
2024-02-22,2935.98,2035.02,4628.33,1697.75,24258.28
2024-02-23,2909.31,2077.16,4595.22,1694.35,24343.2
2024-02-26,2892.19,2064.96,4663.85,1686.34,24344.12
2024-02-27,2918.55,2083.63,4635.58,1696.89,24482.2
2024-02-28,2896.37,2074.09,4654.96,1717.37,24484.68
2024-02-29,2810.13,2013.12,4610.81,1695.46,24084.65
2024-03-01,2813.5,2020.94,4662.37,1716.45,24041.02
2024-03-04,2848.96,2058.37,4655.91,1712.77,24246.67
2024-03-05,2851.44,2056.74,4624.21,1694.71,24082.46
2024-03-06,2844.25,2045.08,4628.54,1693.23,23959.44
2024-03-07,2890.57,2043.31,4458.73,1650.73,23835.28
2024-03-08,2899.65,2036.32,4407.97,1633.41,23827.23
2024-03-11,2870.57,2034.62,4373.85,1622.66,23721.98
2024-03-12,3009.56,2073.16,4462.77,1652.07,24072.33
2024-03-13,3078.91,2027.57,4588.84,1682.15,24099.29
2024-03-14,3029.95,2040.24,4576.36,1685.69,24256.98
2024-03-15,3010.28,2034.34,4563.92,1650.99,24204.03
2024-03-18,2888.37,1978.95,4573.65,1614.86,23576.65
2024-03-19,2824.12,1958.6,4401.91,1563.88,23104.01
2024-03-20,2823.93,1964.73,4390.73,1570.52,23111.1
2024-03-21,2873.19,1926.95,4360.12,1603.19,23155.0
2024-03-22,2885.89,1925.3,4426.41,1628.68,23232.68
2024-03-25,2899.49,1919.2,4449.24,1643.93,23345.15
2024-03-26,2920.26,1881.36,4320.57,1599.36,23183.72
2024-03-27,2884.6,1878.44,4282.85,1579.39,23012.89
2024-03-28,2880.48,1887.45,4304.65,1589.73,23129.31
2024-03-29,2903.58,1879.53,4267.1,1570.28,23066.33
2024-04-01,2879.05,1831.72,4294.78,1587.79,22932.04
2024-04-02,2925.98,1858.8,4329.97,1604.98,23140.08
2024-04-03,2808.84,1814.11,4340.42,1614.61,22785.76
2024-04-04,2760.95,1827.6,4302.46,1604.22,22636.74
2024-04-05,2695.17,1806.24,4398.36,1629.35,22712.33
2024-04-08,2719.13,1806.95,4409.93,1658.65,22842.54
2024-04-09,2593.7,1775.36,4320.33,1623.41,22353.83
2024-04-10,2579.0,1778.6,4337.48,1615.42,22308.9
2024-04-11,2590.52,1771.23,4338.4,1644.65,22465.0
2024-04-12,2538.5,1752.87,4294.99,1628.12,22565.5
2024-04-15,2545.7,1764.63,4299.86,1647.92,22691.69
2024-04-16,2535.24,1777.93,4257.29,1639.89,22630.68
2024-04-17,2510.06,1790.84,4133.96,1580.76,22505.14
2024-04-18,2476.03,1749.51,4083.04,1548.97,22362.69
2024-04-19,2508.78,1754.44,4068.74,1551.89,22486.92
2024-04-22,2579.99,1752.44,4013.29,1571.99,22497.65
2024-04-23,2617.18,1712.13,4029.88,1588.97,22781.06
2024-04-24,2622.87,1726.94,4099.12,1623.22,23028.49
2024-04-25,2655.01,1738.76,4100.73,1613.74,23191.2
2024-04-26,2656.1,1751.9,4097.19,1612.54,23299.81
2024-04-29,2728.29,1781.36,4084.82,1603.99,23548.44
2024-04-30,2777.72,1794.45,4024.13,1610.7,23566.9
2024-05-01,2760.45,1794.58,3975.66,1588.56,23412.47
2024-05-02,2742.08,1760.01,3893.51,1546.09,23047.5
2024-05-03,2762.89,1761.04,3943.63,1533.4,23161.25
2024-05-06,2776.1,1768.94,4005.48,1551.33,23280.35
2024-05-07,2794.75,1769.88,4021.96,1535.86,23286.92
2024-05-08,2821.37,1793.33,4025.38,1534.17,23431.11
2024-05-09,2841.04,1809.3,4083.64,1554.59,23694.59
2024-05-10,2801.5,1827.26,4151.84,1541.33,23783.97
2024-05-13,2803.04,1872.4,4164.68,1553.32,24002.48
2024-05-14,2713.76,1864.3,4179.69,1533.71,23613.06
2024-05-15,2715.49,1878.61,4256.6,1539.02,23766.11
2024-05-16,2785.1,1908.46,4212.1,1562.02,23839.66
2024-05-17,2842.43,1835.49,4275.78,1549.09,23593.87
2024-05-20,2741.23,1796.7,4170.97,1509.07,23298.12
2024-05-21,2828.35,1802.4,4159.23,1484.27,23327.08
2024-05-22,2750.27,1740.64,4190.5,1432.98,22512.77
2024-05-23,2799.31,1687.93,4290.32,1494.31,22690.08
2024-05-24,2671.12,1676.04,4272.4,1523.39,22584.61
2024-05-27,2501.86,1590.17,4069.85,1475.79,21617.85
2024-05-28,2545.35,1541.98,4106.39,1470.07,21311.28
2024-05-29,2582.67,1578.46,4265.55,1443.86,21731.64
2024-05-30,2635.72,1603.3,4350.61,1455.6,21866.1
2024-05-31,2659.12,1644.09,4586.69,1542.59,22186.44
2024-06-03,2505.13,1624.78,4613.87,1511.09,21994.12
2024-06-04,2405.61,1650.07,4480.73,1451.57,21669.04
2024-06-05,2486.57,1801.57,4468.88,1485.19,22248.42
2024-06-06,2479.29,1815.73,4486.57,1482.86,22285.46
2024-06-07,2474.09,1822.84,4443.04,1460.22,22173.76
2024-06-10,2448.32,1789.83,4379.23,1442.84,21988.49
2024-06-11,2429.14,1791.97,4624.94,1519.33,22112.01
2024-06-12,2381.59,1802.73,4666.67,1535.73,22083.74
2024-06-13,2380.34,1818.54,4666.21,1527.13,22071.85
2024-06-14,2409.74,1790.68,4610.1,1522.89,22055.6
2024-06-17,2393.48,1764.18,4619.42,1511.08,21856.16
2024-06-18,2411.34,1782.62,4620.7,1504.13,22034.36
2024-06-19,2441.39,1821.2,4680.58,1523.68,22165.65
2024-06-20,2381.42,1795.43,4591.62,1491.55,21887.98
2024-06-21,2396.78,1784.33,4593.2,1477.51,21873.11
2024-06-24,2443.06,1819.72,4650.13,1514.08,21950.67
2024-06-25,2427.62,1792.71,4565.42,1496.0,21657.95
2024-06-26,2470.95,1848.48,4663.8,1516.17,21845.03
2024-06-27,2451.08,1769.85,4702.26,1512.79,21557.44
2024-06-28,2511.91,1765.94,4762.34,1562.53,21745.63
2024-07-01,2496.53,1793.93,4736.08,1552.53,21496.31
2024-07-02,2536.96,1825.66,4721.3,1505.62,21440.67
2024-07-03,2576.07,1831.32,4763.48,1512.93,21520.01
2024-07-04,2604.74,1834.02,4796.97,1499.4,21640.7
2024-07-05,2565.18,1775.33,4754.42,1479.31,21300.56
2024-07-08,2589.72,1781.85,4755.52,1486.82,21322.25
2024-07-09,2668.89,1804.42,4804.06,1501.06,21680.04
2024-07-10,2599.68,1796.23,4712.0,1481.1,21400.55
2024-07-11,2612.89,1777.11,4591.5,1445.62,21280.42
2024-07-12,2607.88,1820.04,4595.36,1457.4,21369.57
2024-07-15,2588.98,1831.5,4674.51,1475.35,21425.01
2024-07-16,2572.03,1824.63,4714.41,1442.23,21508.23
2024-07-17,2618.93,1831.77,4603.9,1443.57,21487.88
2024-07-18,2610.29,1789.85,4592.26,1422.86,21500.35
2024-07-19,2631.97,1781.07,4412.11,1389.9,21381.34
2024-07-22,2685.26,1765.6,4451.03,1411.13,21558.2
2024-07-23,2704.04,1798.06,4438.94,1402.16,21697.52
2024-07-24,2692.17,1747.28,4376.14,1411.53,21454.14
2024-07-25,2743.39,1758.67,4480.61,1438.73,21539.78
2024-07-26,2750.15,1763.42,4424.49,1424.66,21361.97
2024-07-29,2731.27,1765.03,4483.92,1433.08,21386.81
2024-07-30,3052.19,1867.03,4602.72,1477.92,22434.58
2024-07-31,3074.31,1811.65,4654.6,1493.15,22475.47
2024-08-01,3154.79,1840.0,4592.08,1483.46,22595.33
2024-08-02,3122.47,1804.98,4518.59,1452.41,22402.66
2024-08-05,3209.51,1870.18,4575.14,1483.85,22791.81
2024-08-06,3205.03,1841.21,4540.81,1473.65,22501.78
2024-08-07,3265.84,1897.3,4623.59,1466.55,22938.92
2024-08-08,3204.53,1895.31,4752.75,1514.52,23000.36
2024-08-09,3245.08,1901.32,4776.44,1542.77,23094.75
2024-08-12,3269.41,1889.52,4647.22,1516.5,22927.52
2024-08-13,3327.98,1906.74,4607.59,1512.51,23004.62
2024-08-14,3432.55,1949.89,4696.51,1567.25,23349.68
2024-08-15,3441.12,1928.14,4654.2,1546.34,23174.77
2024-08-16,3493.24,1951.55,4699.61,1556.5,23361.18
2024-08-19,3415.14,2002.96,4683.16,1546.42,23349.99
2024-08-20,3327.03,1998.23,4705.91,1528.77,23167.65
2024-08-21,3265.7,1970.42,4748.92,1542.98,23017.14
2024-08-22,3167.94,1951.98,4773.01,1510.13,22589.23
2024-08-23,3176.3,1982.26,4771.98,1499.9,22779.62
2024-08-26,3176.82,1901.05,4714.56,1476.76,22401.87
2024-08-27,3252.86,1917.36,4757.19,1507.62,22766.43
2024-08-28,3228.74,1887.52,4610.6,1467.77,22468.13
2024-08-29,3260.28,1863.78,4617.76,1484.08,22520.08
2024-08-30,3261.86,1897.35,4625.2,1489.5,22699.96
2024-09-02,3277.38,1922.64,4602.94,1470.49,22638.42
2024-09-03,3258.51,1900.68,4621.26,1452.09,22516.35
2024-09-04,3238.15,1884.72,4628.02,1454.98,22450.61
2024-09-05,3203.7,1885.36,4646.15,1454.53,22468.42
2024-09-06,3188.41,1879.03,4692.24,1480.98,22616.34
2024-09-09,3181.12,1883.55,4745.94,1500.89,22665.15
2024-09-10,3195.06,1872.12,4708.21,1491.91,22539.94
2024-09-11,3185.0,1871.5,4695.95,1517.07,22646.41
2024-09-12,3252.67,1869.96,4642.81,1502.38,22656.98
2024-09-13,3277.99,1865.26,4631.11,1475.95,22658.9
2024-09-16,3251.47,1828.15,4601.02,1465.21,22262.79
2024-09-17,3366.37,1840.6,4598.11,1447.24,22482.96
2024-09-18,3329.59,1831.67,4537.48,1420.19,22338.35
2024-09-19,3400.25,1850.06,4546.32,1406.15,22357.32
2024-09-20,3359.31,1807.62,4601.93,1418.69,22219.58
2024-09-23,3355.81,1804.1,4609.64,1409.26,22228.56
2024-09-24,3403.28,1791.45,4660.58,1428.36,22315.29
2024-09-25,3306.26,1809.19,4568.7,1413.79,22115.94
2024-09-26,3229.8,1769.0,4521.19,1410.28,22176.12
2024-09-27,3170.06,1756.66,4513.4,1387.21,22000.95
2024-09-30,3166.57,1769.61,4588.31,1420.43,22120.35
2024-10-01,3281.3,1779.34,4664.72,1432.68,22269.23
2024-10-02,3257.79,1783.44,4658.08,1435.32,22196.69
2024-10-03,3343.07,1821.73,4625.3,1453.45,22551.51
2024-10-04,3336.86,1794.66,4726.4,1471.83,22331.74
2024-10-07,3422.54,1815.07,4773.22,1506.6,22528.84
2024-10-08,3429.37,1790.53,4884.65,1501.4,22539.41
2024-10-09,3397.38,1688.58,4798.32,1469.26,22103.49
2024-10-10,3477.86,1684.34,4766.05,1465.33,22174.69
2024-10-11,3476.75,1736.49,4793.37,1472.01,22449.73
2024-10-14,3630.22,1778.17,4858.76,1499.22,23012.36
2024-10-15,3651.4,1764.05,4867.48,1516.34,23075.58
2024-10-16,3614.7,1768.38,4804.1,1497.02,22936.06
2024-10-17,3597.72,1788.92,4806.06,1489.94,22923.33
2024-10-18,3622.43,1797.27,4854.69,1495.41,22983.96
2024-10-21,3657.07,1791.36,4875.73,1492.51,22832.69
2024-10-22,3702.9,1732.05,4771.15,1466.34,22746.16
2024-10-23,3805.42,1750.36,4825.72,1489.75,23067.39
2024-10-24,3764.19,1768.76,4841.78,1493.56,23187.65
2024-10-25,3748.11,1764.72,4798.22,1464.26,23259.41
2024-10-28,3710.52,1750.04,4739.1,1452.1,23026.06
2024-10-29,3829.38,1768.91,4800.31,1463.71,23256.48
2024-10-30,3741.12,1729.72,4775.78,1461.11,22854.3
2024-10-31,3588.5,1699.77,4780.05,1438.49,22486.85
2024-11-01,3528.84,1665.13,4927.51,1486.86,22399.52
2024-11-04,3643.36,1692.59,4939.81,1503.36,22610.07
2024-11-05,3668.2,1682.42,4886.38,1513.81,22339.94
2024-11-06,3660.67,1650.06,4908.74,1512.49,22296.4
2024-11-07,3707.77,1620.93,4851.27,1475.9,22038.42
2024-11-08,3772.35,1614.87,4875.4,1470.84,22053.13
2024-11-11,3707.31,1631.66,4798.12,1437.65,22263.07
2024-11-12,3692.79,1655.65,4820.56,1441.25,22341.52
2024-11-13,3689.42,1668.12,4861.0,1445.56,22511.12
2024-11-14,3693.01,1643.19,4851.2,1459.72,22607.69
2024-11-15,3719.89,1652.48,4833.94,1466.07,22708.25
2024-11-18,3655.52,1641.24,4847.29,1484.65,22678.41
2024-11-19,3626.06,1636.52,4835.61,1454.91,22565.4
2024-11-20,3544.1,1642.11,4789.85,1448.43,22274.95
2024-11-21,3565.18,1640.71,4722.99,1441.45,22406.59
2024-11-22,3575.6,1647.83,4748.27,1436.69,22353.16
2024-11-25,3634.25,1691.7,4784.37,1457.94,22679.88
2024-11-26,3691.22,1726.16,4865.35,1480.06,22990.93
2024-11-27,3662.19,1701.68,4869.35,1505.27,22683.19
2024-11-28,3598.92,1689.43,4861.95,1511.02,22677.5
2024-11-29,3585.13,1657.38,4869.4,1519.08,22646.0
2024-12-02,3616.79,1660.72,4806.49,1513.74,22649.37
2024-12-03,3460.94,1625.8,4737.96,1488.3,22263.84
2024-12-04,3430.67,1586.27,4721.16,1455.54,22141.32
2024-12-05,3432.53,1573.76,4695.35,1439.53,22028.63
2024-12-06,3449.61,1601.88,4766.53,1490.34,22318.56
2024-12-09,3446.47,1618.39,4659.64,1459.06,22193.21
2024-12-10,3337.73,1623.13,4622.99,1446.27,22114.26
2024-12-11,3303.63,1601.52,4654.83,1471.7,22048.0
2024-12-12,3222.95,1575.34,4613.9,1454.68,21862.71
2024-12-13,3229.92,1556.31,4629.74,1456.41,21640.6
2024-12-16,3106.03,1548.78,4688.53,1460.26,21368.28
2024-12-17,3046.67,1523.94,4604.32,1440.84,21072.16
2024-12-18,3033.85,1512.33,4585.53,1459.47,21103.46
2024-12-19,3053.27,1538.81,4604.36,1483.36,21447.06
2024-12-20,3032.23,1583.35,4677.23,1510.6,21641.33
2024-12-23,3006.02,1589.72,4706.0,1518.65,21606.3
2024-12-24,3016.58,1572.29,4728.26,1546.0,21610.74
2024-12-25,3027.61,1575.01,4707.9,1493.58,21576.9
2024-12-26,3015.19,1605.87,4702.66,1487.48,21414.13
2024-12-27,2860.83,1570.26,4624.95,1449.91,20946.61
2024-12-30,2847.33,1593.09,4634.39,1451.04,20897.73
2024-12-31,2853.73,1612.02,4636.97,1444.01,20901.89
2025-01-01,2885.43,1611.15,4673.83,1446.79,21034.84
2025-01-02,2876.12,1585.81,4501.7,1403.15,20780.98
2025-01-03,2829.24,1614.29,4488.3,1406.58,20722.11
2025-01-06,2815.61,1602.4,4444.19,1377.87,20584.8
2025-01-07,2710.74,1575.63,4338.24,1336.66,20212.91
2025-01-08,2835.23,1575.34,4386.83,1371.68,20451.49
2025-01-09,2819.38,1558.24,4526.18,1416.47,20528.63
2025-01-10,2805.82,1568.95,4613.39,1423.13,20637.47
2025-01-13,2831.42,1594.2,4640.82,1439.23,20745.5
2025-01-14,2888.74,1637.73,4536.82,1433.25,21075.28
2025-01-15,2902.94,1670.08,4572.97,1435.66,21209.6
2025-01-16,2912.35,1696.37,4581.92,1454.99,21328.57
2025-01-17,2968.52,1695.57,4535.07,1439.16,21343.23
2025-01-20,2912.65,1713.55,4564.55,1453.35,21353.57
2025-01-21,3036.98,1723.26,4592.67,1465.56,21746.7
2025-01-22,3029.44,1681.47,4616.38,1462.18,21630.0
2025-01-23,3030.05,1663.6,4665.66,1493.71,21584.41
2025-01-24,2960.67,1678.43,4658.4,1481.87,21371.01
2025-01-27,2948.55,1680.5,4661.37,1496.54,21394.08
2025-01-28,3003.4,1692.13,4668.2,1471.25,21162.95
2025-01-29,3045.5,1684.13,4636.97,1454.24,21175.78
2025-01-30,3052.38,1694.1,4617.35,1440.16,21248.25
2025-01-31,3058.16,1682.16,4565.59,1405.69,21726.06
2025-02-03,3028.52,1677.93,4654.79,1405.16,21722.28
2025-02-04,3081.36,1648.48,4613.95,1376.23,21673.25
2025-02-05,2991.24,1616.06,4458.91,1343.22,21269.18
2025-02-06,3027.95,1651.04,4453.61,1340.51,21387.12
2025-02-07,2919.42,1619.15,4410.75,1339.28,21208.53
2025-02-10,2993.29,1627.13,4393.67,1359.3,21280.14
2025-02-11,3037.09,1614.31,4366.3,1332.15,21188.95
2025-02-12,3062.34,1626.12,4358.57,1339.26,21469.31
2025-02-13,3032.85,1600.64,4299.97,1325.62,21256.08
2025-02-14,3057.71,1568.62,4311.32,1315.51,21358.63
2025-02-17,3042.09,1593.84,4268.7,1301.65,21330.38
2025-02-18,3062.13,1580.63,4255.81,1295.7,21274.27
2025-02-19,3029.78,1589.7,4350.18,1312.82,21330.23
2025-02-20,2962.55,1561.42,4392.17,1299.47,21125.59
2025-02-21,2952.46,1590.76,4290.79,1263.07,21058.98
2025-02-24,2986.35,1617.81,4362.65,1276.19,20953.33
2025-02-25,3077.26,1638.22,4405.67,1275.14,21189.07
2025-02-26,3030.21,1600.23,4337.38,1245.24,20820.99
2025-02-27,2926.4,1579.86,4215.94,1213.43,20483.87
2025-02-28,2942.83,1563.12,4247.61,1228.43,20561.17
2025-03-03,2939.02,1575.97,4247.8,1228.56,20594.1
2025-03-04,2952.1,1580.97,4234.49,1179.77,20482.86
2025-03-05,2991.16,1550.5,4172.24,1162.29,20267.61
2025-03-06,2985.42,1586.69,4214.2,1175.99,20111.98
2025-03-07,2940.95,1581.71,4191.69,1173.44,20152.95
2025-03-10,2901.55,1565.83,4225.04,1176.41,20163.43
2025-03-11,2916.31,1545.2,4276.27,1201.5,20636.96
2025-03-12,2903.53,1581.66,4297.88,1215.64,20681.59
2025-03-13,2923.52,1586.28,4288.09,1214.15,20662.0
2025-03-14,2898.14,1592.39,4359.61,1227.65,20765.66
2025-03-17,2907.65,1644.04,4345.81,1225.15,20911.36
2025-03-18,2947.17,1656.36,4416.71,1234.97,21110.09
2025-03-19,3051.93,1714.27,4542.59,1263.57,21653.01
2025-03-20,3194.33,1734.54,4495.32,1272.7,22053.16
2025-03-21,3109.52,1742.73,4464.78,1263.34,22038.63
2025-03-24,3058.28,1748.71,4392.38,1233.69,21765.68
2025-03-25,3025.87,1777.03,4371.04,1234.11,21803.78
2025-03-26,3003.96,1769.78,4365.75,1263.22,21774.23
2025-03-27,2933.43,1773.76,4369.35,1267.33,21617.93
2025-03-28,2923.45,1791.7,4344.93,1238.76,21558.2
2025-03-31,2911.88,1798.79,4296.53,1210.48,21498.86
2025-04-01,2912.15,1744.28,4245.68,1209.66,21326.52
2025-04-02,2886.91,1742.65,4204.2,1209.03,21148.98
2025-04-03,2889.28,1775.54,4223.43,1315.09,21014.79
2025-04-04,2884.35,1853.73,4291.51,1348.72,21288.74
2025-04-07,2916.47,1840.58,4196.75,1322.39,21211.85
2025-04-08,2887.35,1806.88,4093.3,1283.41,20967.86
2025-04-09,2824.87,1775.16,4100.13,1263.58,20755.7
2025-04-10,2802.5,1711.62,4136.89,1261.56,20547.47
2025-04-11,2773.15,1686.01,4046.61,1238.23,20431.28
2025-04-14,2707.92,1619.69,3872.55,1192.61,20037.61
2025-04-15,2710.28,1665.14,3900.6,1198.66,20390.01
2025-04-16,2715.03,1659.68,3944.77,1220.36,20478.9
2025-04-17,2621.32,1648.93,3858.34,1192.47,20282.65
2025-04-18,2654.1,1634.41,3842.74,1193.01,20112.23
2025-04-21,2660.65,1654.18,3854.47,1226.06,20268.46
2025-04-22,2680.35,1667.66,3863.96,1235.89,20410.4
2025-04-23,2689.71,1673.16,3958.55,1265.78,20491.92
2025-04-24,2681.82,1688.09,3923.61,1255.02,20287.19
2025-04-25,2681.1,1665.17,4001.46,1285.23,20556.09
2025-04-28,2677.55,1614.1,3926.78,1247.77,20229.89
2025-04-29,2703.94,1616.59,3941.83,1228.53,20333.82
2025-04-30,2766.61,1630.39,4027.77,1253.91,20516.05
2025-05-01,2743.7,1620.62,4023.98,1243.76,20349.17
2025-05-02,2747.64,1646.32,3969.06,1233.75,20410.23
2025-05-05,2739.83,1662.97,3993.94,1250.99,20412.95
2025-05-06,2709.6,1672.46,3957.19,1237.41,20283.06
2025-05-07,2706.56,1666.67,3988.08,1235.3,20424.8
2025-05-08,2632.56,1680.86,3891.43,1208.24,20273.6
2025-05-09,2738.07,1689.82,3951.94,1209.84,20541.44
2025-05-12,2627.59,1693.66,4005.27,1212.64,20643.22
2025-05-13,2670.59,1686.94,4026.05,1208.03,20846.09
2025-05-14,2668.21,1650.88,3952.67,1179.52,20640.67
2025-05-15,2640.88,1752.41,3979.3,1176.44,20861.81
2025-05-16,2656.32,1769.52,3949.82,1173.75,21006.02
2025-05-19,2633.5,1793.07,3946.69,1165.73,20960.86
2025-05-20,2647.69,1782.08,3886.57,1175.46,20903.35
2025-05-21,2692.53,1796.86,3910.27,1180.82,21032.72
2025-05-22,2822.72,1848.05,3933.02,1180.39,21480.89
2025-05-23,2793.37,1828.84,3908.75,1176.15,21228.75
2025-05-26,2749.2,1835.96,3908.67,1168.54,21384.31
2025-05-27,2786.22,1834.16,3973.09,1168.24,21449.22
2025-05-28,2771.93,1820.33,3947.29,1162.44,21336.28
2025-05-29,2733.29,1844.07,3779.69,1157.55,20727.42
2025-05-30,2618.01,1841.94,3845.77,1152.42,20387.77
2025-06-02,2662.67,2051.94,4053.09,1201.07,21048.14
2025-06-03,2542.95,2049.17,3940.61,1152.26,20254.31
2025-06-04,2558.82,2099.42,3945.93,1150.67,20038.78
2025-06-05,2592.06,2128.82,3999.44,1154.24,19616.59
2025-06-06,2367.55,2023.92,3717.47,1074.48,18412.61
2025-06-09,2303.68,1879.44,3381.1,943.81,17657.48
2025-06-10,2234.98,1982.68,3311.71,899.78,17297.09
2025-06-11,2255.98,2080.79,3378.4,909.98,17412.99
2025-06-12,2295.36,2119.18,3383.17,896.49,17668.11
2025-06-13,2278.55,2052.6,3271.03,872.76,17345.49
2025-06-16,2231.28,2142.84,3255.59,878.34,17465.38
2025-06-17,2195.33,2086.19,3154.0,872.52,17017.8
2025-06-18,2199.87,2008.88,3065.76,848.01,16710.32
2025-06-19,2258.51,2006.76,2716.83,770.8,16430.01
2025-06-20,2438.62,1969.62,2763.27,792.14,16639.65
2025-06-23,2401.0,1902.61,2487.97,705.85,16083.55
2025-06-24,2280.29,1840.16,2383.81,687.18,15497.27
2025-06-25,2260.0,1854.91,2382.18,691.45,15298.57
2025-06-26,2269.17,1866.67,2374.69,688.22,15297.52
2025-06-27,2205.89,1836.47,2363.42,685.13,15146.8
2025-06-30,2180.82,1835.89,2388.03,685.63,15059.15
2025-07-01,2185.39,1845.04,2397.12,692.51,15018.92
2025-07-02,2177.19,1816.22,2324.52,678.64,14912.99
2025-07-03,2153.2,1839.54,2296.18,669.26,14899.32
2025-07-04,2195.92,1829.47,2329.14,683.13,15053.23
2025-07-07,2122.81,1859.56,2332.3,685.45,15059.92
2025-07-08,2063.38,1795.81,2277.85,668.85,14739.4
2025-07-09,2098.02,1851.93,2305.17,678.57,14999.85
2025-07-10,2164.04,1864.98,2299.91,678.24,15208.79
2025-07-11,2126.74,1891.55,2249.03,664.62,15180.39
2025-07-14,2086.33,1776.64,2184.14,636.15,14633.09
2025-07-15,2070.79,1692.77,2229.29,640.87,14491.36
2025-07-16,2065.65,1695.79,2245.97,637.25,14443.34
2025-07-17,2037.65,1735.2,2246.17,629.18,14543.3
2025-07-18,2043.65,1773.44,2308.55,633.27,14627.02
2025-07-21,2031.93,1728.44,2272.81,625.02,14536.7
2025-07-22,2013.46,1698.05,2230.97,612.59,14375.93
2025-07-23,2019.04,1711.06,2227.75,605.82,14423.27
2025-07-24,2005.72,1700.72,2208.31,598.94,14378.42
2025-07-25,1973.43,1690.17,2196.66,598.1,14270.35
2025-07-28,1997.07,1779.26,2251.5,599.78,14497.56
2025-07-29,1979.73,1798.45,2261.72,598.85,14477.89
2025-07-30,1949.38,1793.58,2289.72,601.84,14390.96
2025-07-31,1965.71,1790.98,2311.54,606.81,14495.35
2025-08-01,1946.54,1779.56,2349.51,613.63,14518.47
2025-08-04,1975.68,1795.41,2372.68,619.39,14626.68
2025-08-05,1960.72,1784.8,2338.5,611.15,14575.6
2025-08-06,1943.21,1730.0,2344.58,615.76,14381.74
2025-08-07,1944.5,1774.65,2388.56,615.37,14585.69
2025-08-08,1954.14,1785.84,2390.79,625.64,14753.04
2025-08-11,1968.05,1776.82,2397.3,622.2,14774.64
2025-08-12,2017.43,1768.64,2403.72,616.17,14777.76
2025-08-13,1958.93,1814.63,2463.39,627.58,14790.78
2025-08-14,1942.62,1831.34,2469.4,627.42,14745.33
2025-08-15,2023.06,1851.22,2535.4,645.05,15083.72
2025-08-18,2001.15,1825.25,2496.64,628.39,14885.67
2025-08-19,2002.89,1795.83,2450.04,616.24,14739.59
2025-08-20,2061.16,1787.26,2448.6,616.8,14865.43
2025-08-21,2042.77,1755.16,2489.9,633.65,14925.3
2025-08-22,2020.56,1672.5,2451.57,623.23,14726.75
2025-08-25,2040.52,1675.75,2469.15,620.44,14736.82
2025-08-26,2140.81,1680.49,2515.06,638.07,14966.52
2025-08-27,2142.12,1685.26,2501.84,625.02,14886.2
2025-08-28,2136.47,1679.27,2549.84,639.08,14938.72
2025-08-29,2136.61,1697.6,2557.93,639.89,14965.83
2025-09-01,2108.07,1679.21,2522.4,639.58,14852.43
2025-09-02,2096.02,1685.22,2565.47,648.6,14892.67
2025-09-03,2177.75,1700.72,2652.0,670.92,15158.62
2025-09-04,2224.1,1697.63,2639.82,661.53,15200.92
2025-09-05,2187.96,1680.93,2614.72,658.28,15117.12
2025-09-08,2176.44,1648.76,2559.62,646.51,14981.93
2025-09-09,2165.29,1652.78,2659.39,665.43,15164.05
2025-09-10,2162.6,1675.41,2630.44,656.54,15230.2
2025-09-11,2007.4,1618.73,2543.32,635.75,14651.01
2025-09-12,1996.33,1620.66,2570.77,646.95,14662.04
2025-09-15,2015.44,1641.76,2550.53,632.76,14723.02
2025-09-16,1993.74,1632.0,2536.43,622.85,14726.09
2025-09-17,2009.98,1628.53,2559.48,624.44,14565.54
2025-09-18,1993.85,1584.69,2540.62,622.61,14389.06
2025-09-19,1961.86,1567.18,2404.03,596.53,14143.85
2025-09-22,1938.64,1583.57,2316.35,580.43,13911.37
2025-09-23,1928.11,1597.23,2321.92,588.53,13893.09
2025-09-24,1928.57,1590.0,2350.18,589.05,13831.96
2025-09-25,1982.85,1636.13,2303.9,572.57,13956.15
2025-09-26,2019.47,1645.48,2334.3,585.48,14136.77
2025-09-29,1981.94,1602.86,2301.67,573.29,13911.37
2025-09-30,1866.26,1554.36,2309.16,565.11,13557.16
2025-10-01,1868.94,1569.23,2299.94,560.24,13539.47
2025-10-02,1856.97,1509.73,2274.89,563.04,13250.99
2025-10-03,1837.31,1467.38,2308.87,572.71,13241.9
2025-10-06,1836.28,1473.68,2276.03,566.04,13188.13
2025-10-07,1826.97,1482.76,2314.55,585.41,13334.91
2025-10-08,1856.62,1497.67,2326.33,585.19,13365.81
2025-10-09,1814.36,1502.07,2311.22,581.21,13341.48
2025-10-10,1820.03,1507.46,2315.61,582.42,13410.07
2025-10-13,1810.7,1530.46,2298.92,584.57,13464.23
2025-10-14,1749.58,1525.11,2323.53,595.48,13440.88
2025-10-15,1780.5,1564.87,2381.51,609.71,13711.69
2025-10-16,1785.37,1570.97,2345.5,598.37,13619.1
2025-10-17,1837.66,1666.57,2415.83,612.16,14028.41
2025-10-20,1856.91,1648.29,2408.8,604.97,13961.8
2025-10-21,1849.23,1679.05,2390.43,600.2,14011.93
2025-10-22,1827.7,1652.24,2380.73,595.07,13938.38
2025-10-23,1810.35,1636.15,2388.52,598.06,13863.78
2025-10-24,1808.5,1658.9,2381.52,604.86,13889.78
2025-10-27,1816.67,1646.86,2369.05,601.95,13901.2
2025-10-28,1832.46,1604.22,2344.13,602.9,13898.58
2025-10-29,1791.43,1542.07,2326.42,602.52,13599.13
2025-10-30,1780.67,1509.52,2318.55,604.2,13515.54
2025-10-31,1815.0,1493.28,2328.0,614.21,13640.62
2025-11-03,1838.62,1476.77,2369.75,627.85,13728.57
2025-11-04,1813.19,1432.23,2324.26,630.03,13579.19
2025-11-05,1829.73,1455.53,2329.11,634.91,13675.8
2025-11-06,1908.48,1477.38,2382.39,648.9,13845.37
2025-11-07,1953.93,1504.71,2334.53,672.94,13938.69
2025-11-10,2041.77,1523.28,2429.44,697.04,14242.9
2025-11-11,2065.19,1534.3,2392.39,693.77,14281.49
2025-11-12,2039.66,1530.61,2414.74,703.72,14363.64
2025-11-13,2015.84,1544.87,2424.06,712.87,14306.71
2025-11-14,1969.92,1544.35,2434.76,714.41,14207.72
2025-11-17,1975.75,1532.74,2385.54,701.99,14186.56
2025-11-18,2043.78,1523.82,2357.88,699.06,14394.15
2025-11-19,2073.46,1534.13,2345.59,696.07,14537.46
2025-11-20,2016.19,1528.83,2305.1,684.27,14376.24
2025-11-21,1981.88,1502.63,2265.4,674.25,14206.42
2025-11-24,1966.55,1496.44,2252.98,683.82,14253.23
2025-11-25,1970.14,1508.5,2277.74,688.36,14319.85
2025-11-26,1953.09,1546.63,2257.7,681.0,14302.04
2025-11-27,1926.59,1529.73,2234.29,666.9,14094.12
2025-11-28,1917.43,1523.3,2181.5,639.17,13978.32
2025-12-01,1956.32,1528.17,2226.96,651.12,14088.9
2025-12-02,1998.67,1559.97,2262.3,660.37,14183.81
2025-12-03,1982.5,1559.24,2244.03,656.55,14097.51
2025-12-04,1862.1,1513.78,2163.84,632.67,13752.66
2025-12-05,1911.33,1458.04,2133.47,626.18,13647.98
2025-12-08,1884.89,1464.62,2146.09,623.32,13796.89
2025-12-09,1886.92,1459.44,2140.71,625.65,13800.86
2025-12-10,1877.58,1460.56,2139.82,615.54,13759.76
2025-12-11,1889.49,1477.43,2190.37,620.35,13898.66
2025-12-12,1916.35,1494.31,2190.44,623.03,13946.14
2025-12-15,1922.06,1504.58,2147.2,616.58,13926.43
2025-12-16,1940.56,1512.64,2158.74,626.55,14038.34
2025-12-17,1914.67,1475.47,2148.41,619.52,13942.58
2025-12-18,1876.47,1446.94,2074.35,603.83,13707.02
2025-12-19,1899.56,1445.08,2067.01,608.01,13773.45
2025-12-22,1877.6,1441.0,2035.06,594.57,13716.03
2025-12-23,1849.02,1433.16,1977.37,587.88,13587.03
2025-12-24,1900.21,1422.34,2011.22,594.9,13626.48
2025-12-25,1939.78,1512.31,2049.19,610.66,13988.89
2025-12-26,1980.1,1541.39,2053.45,609.56,14092.17
2025-12-29,1966.92,1530.12,2086.24,618.44,14236.04
2025-12-30,1991.82,1536.78,2076.84,624.03,14264.36
2025-12-31,1992.97,1553.7,2120.47,633.62,14374.69
2026-01-01,1980.33,1557.37,2130.62,644.9,14350.63
2026-01-02,1989.89,1600.35,2169.42,656.56,14508.62
2026-01-05,2067.95,1618.27,2146.03,650.14,14693.2
2026-01-06,2106.92,1623.17,2153.06,652.45,14863.56
2026-01-07,2097.4,1628.52,2131.52,645.32,14804.1
2026-01-08,2057.34,1621.8,2106.55,642.11,14717.61
2026-01-09,2140.42,1615.96,2095.33,635.89,14820.57
2026-01-12,2109.03,1615.89,2079.38,638.37,14822.65
2026-01-13,2104.52,1585.3,2049.08,631.59,14597.56
2026-01-14,2111.62,1590.82,2086.46,642.16,14649.13
2026-01-15,2123.45,1613.23,2133.06,652.49,14739.28
2026-01-16,2127.87,1630.42,2148.57,646.44,14760.82
2026-01-19,2119.53,1608.98,2090.49,649.3,14801.34
2026-01-20,2114.55,1590.59,2077.45,641.2,14780.21
2026-01-21,2159.69,1596.32,2093.4,649.37,14929.83
2026-01-22,2152.79,1556.72,2082.69,648.48,14776.02
2026-01-23,2217.39,1568.45,2093.02,658.0,14922.3
2026-01-26,2152.26,1529.22,2084.51,654.17,14714.36
2026-01-27,2124.47,1504.6,2051.0,642.18,14724.91
2026-01-28,2107.98,1479.72,2031.54,631.68,14355.62
2026-01-29,2162.69,1426.56,2054.98,639.86,14500.83
2026-01-30,2102.19,1412.63,2057.18,626.09,14414.38
2026-02-02,2096.01,1410.44,2024.27,614.17,14353.11
2026-02-03,2093.67,1413.72,2012.93,617.04,14290.19
2026-02-04,2041.01,1379.02,1990.28,604.41,14087.86
2026-02-05,2031.65,1335.02,1958.89,595.81,13913.06
2026-02-06,2013.73,1312.35,1878.56,579.92,13704.63
2026-02-09,2052.67,1323.16,1884.07,573.82,13797.35
2026-02-10,2081.88,1328.44,1856.09,576.43,13801.07
2026-02-11,2082.3,1340.98,1850.52,571.38,13797.72
2026-02-12,2123.01,1359.9,1842.68,559.63,13958.62
2026-02-13,2099.59,1376.83,1854.56,555.46,13953.6
2026-02-16,2046.95,1375.67,1850.59,553.02,13851.03
2026-02-17,2016.12,1368.09,1827.21,550.95,13853.77
2026-02-18,2045.09,1389.36,1887.52,579.05,14117.46
2026-02-19,2006.03,1380.85,1867.89,573.27,13981.68
2026-02-20,1910.22,1344.21,1844.21,570.2,13677.25
2026-02-23,1922.2,1362.61,1850.54,573.41,13825.55
2026-02-24,1860.86,1349.66,1845.02,580.85,13719.05
2026-02-25,1851.98,1343.04,1836.49,583.44,13667.66
2026-02-26,1833.45,1347.69,1832.03,588.69,13840.97
2026-02-27,1808.27,1362.47,1805.85,590.56,13795.66
2026-03-02,1802.7,1360.51,1781.24,590.28,13755.88
2026-03-03,1809.55,1331.79,1812.37,596.38,13877.68
2026-03-04,1824.14,1301.02,1813.56,602.1,13824.03
2026-03-05,1873.23,1301.8,1786.17,592.13,13976.57
2026-03-06,1910.13,1288.04,1767.01,590.31,14044.49
2026-03-09,1897.14,1273.07,1734.08,580.43,13856.86
2026-03-10,1884.18,1258.52,1640.96,558.83,13563.31
2026-03-11,1874.79,1259.0,1627.73,561.54,13547.84
2026-03-12,1882.15,1308.02,1641.24,567.7,13664.47
2026-03-13,1903.77,1297.08,1661.79,568.19,13657.31
2026-03-16,1916.45,1291.77,1705.31,577.73,13709.56
2026-03-17,1905.07,1288.57,1703.63,578.27,13684.97
2026-03-18,1894.13,1297.93,1710.89,570.96,13685.97
2026-03-19,1885.13,1297.19,1709.3,575.17,13669.88
2026-03-20,1885.43,1288.99,1729.39,578.65,13562.73
2026-03-23,1868.65,1321.93,1738.57,575.94,13651.19
2026-03-24,1860.56,1334.49,1742.01,578.86,13647.96
2026-03-25,1854.34,1318.22,1748.3,578.16,13686.28
2026-03-26,1875.7,1328.37,1748.9,573.42,13717.45
2026-03-27,1866.81,1310.98,1758.59,571.36,13610.36
2026-03-30,1832.47,1298.54,1786.91,583.01,13573.79
2026-03-31,1843.77,1315.75,1814.34,589.48,13857.54
2026-04-01,1843.39,1320.53,1818.02,591.45,13798.37
2026-04-02,1809.76,1332.75,1808.9,585.04,13792.66
2026-04-03,1847.05,1346.57,1826.05,590.39,13871.26
2026-04-06,1877.14,1347.05,1858.87,608.22,14040.45
2026-04-07,1860.2,1326.01,1854.85,596.22,13892.08
2026-04-08,1845.18,1322.64,1872.12,599.97,13911.78
2026-04-09,1941.43,1355.53,1967.95,625.06,14409.8
2026-04-10,1955.33,1356.08,1960.78,617.29,14334.08
2026-04-13,1949.39,1401.15,1954.15,618.33,14290.22
2026-04-14,1975.91,1404.55,1974.83,620.32,14400.0
2026-04-15,2081.66,1430.97,2037.18,648.81,14765.51
2026-04-16,2086.88,1451.31,2035.64,645.64,14804.74
2026-04-17,2020.48,1409.3,2002.66,635.97,14526.61
2026-04-20,2048.53,1440.66,2052.37,660.4,14738.49
2026-04-21,2126.43,1461.84,2118.67,676.69,14895.15
2026-04-22,2109.55,1457.93,2114.57,674.98,14831.43
2026-04-23,2071.02,1445.81,2115.91,662.12,14657.98
2026-04-24,2086.2,1428.38,2104.48,663.38,14592.23
2026-04-27,2132.39,1422.64,2104.56,667.3,14721.38
2026-04-28,2093.43,1427.82,2096.67,676.89,14634.52
2026-04-29,2037.5,1413.03,2094.34,675.43,14483.84
2026-04-30,1934.35,1405.32,2083.04,670.21,14202.7
2026-05-01,1965.0,1378.3,2071.72,668.83,14194.49
2026-05-04,1960.64,1375.92,2108.93,684.72,14243.93
2026-05-05,1946.26,1376.73,2099.37,689.96,14285.08
2026-05-06,1887.98,1349.83,2059.5,672.01,14083.79
2026-05-07,1850.66,1317.09,2055.04,672.19,13979.51
2026-05-08,1844.91,1319.74,2026.98,669.18,13839.23
2026-05-11,1806.68,1291.6,2030.74,666.63,13667.21
2026-05-12,1802.23,1307.94,2033.87,667.08,13691.66
2026-05-13,1860.58,1321.53,2078.22,686.76,13938.28
2026-05-14,1867.79,1346.49,2097.04,693.4,14215.18
2026-05-15,1887.14,1364.48,2093.48,694.73,14408.58
2026-05-18,1994.8,1399.66,2148.48,712.2,14705.14
2026-05-19,1978.24,1406.84,2126.83,710.6,14671.24
2026-05-20,1981.59,1426.0,2181.92,732.03,14692.96
2026-05-21,2010.11,1408.27,2129.01,726.1,14723.29
2026-05-22,1935.93,1381.89,2091.35,708.86,14414.21
2026-05-25,1925.7,1394.39,2113.69,723.18,14507.61
2026-05-26,1934.22,1395.88,2131.49,727.64,14415.01
2026-05-27,1955.23,1403.68,2142.27,734.21,14508.62
2026-05-28,1926.83,1384.95,2150.69,738.82,14351.23
2026-05-29,1917.26,1371.21,2138.02,740.01,14282.28
2026-06-01,1933.34,1395.56,2166.51,761.9,14407.26
2026-06-02,1895.29,1385.81,2169.5,743.57,14303.09
2026-06-03,1912.52,1430.0,2176.99,744.67,14620.34
2026-06-04,1877.42,1458.54,2156.85,732.61,14534.74
2026-06-05,1926.17,1444.25,2164.42,734.12,14607.43
2026-06-08,1957.5,1427.04,2155.64,733.98,14667.4
2026-06-09,1948.29,1447.94,2160.94,723.74,14687.07
2026-06-10,2015.72,1448.14,2212.92,738.97,14992.74
2026-06-11,2038.02,1453.78,2200.37,715.41,14941.08
2026-06-12,2045.78,1453.57,2161.84,706.01,14819.66
2026-06-15,2017.31,1444.21,2147.84,689.06,14724.47
2026-06-16,1943.66,1440.3,2136.99,677.63,14542.3
2026-06-17,1937.08,1435.67,2158.55,678.9,14560.3
2026-06-18,1890.12,1432.45,2158.03,677.06,14600.3
2026-06-19,1859.93,1393.3,2132.16,665.59,14339.38
2026-06-22,1890.79,1383.58,2135.06,664.61,14348.74
2026-06-23,1856.26,1377.37,2121.11,660.2,14309.66
2026-06-24,1858.33,1373.99,2109.21,640.71,14211.97
2026-06-25,1905.66,1374.68,2066.24,632.82,14259.67
2026-06-26,1909.76,1358.26,2016.86,632.99,14120.87
2026-06-29,1900.51,1370.96,2018.1,624.55,14115.36
2026-06-30,1892.15,1394.77,2005.92,612.22,14069.8
2026-07-01,1890.5,1406.95,2026.14,628.39,14169.22
2026-07-02,1896.25,1409.09,2016.94,625.95,14218.61
2026-07-03,1906.1,1410.04,2067.78,646.9,14366.62
2026-07-06,1929.22,1394.92,2109.91,647.46,14377.54
2026-07-07,1913.84,1398.61,2092.29,649.66,14450.48
2026-07-08,1924.5,1382.08,2038.0,630.12,14300.67
2026-07-09,1885.03,1378.1,2047.75,621.31,14242.37
2026-07-10,1884.23,1380.58,2094.04,630.79,14214.71
2026-07-13,1862.89,1372.88,2079.45,633.13,14254.85
2026-07-14,1991.36,1404.49,2105.87,651.56,14589.2
2026-07-15,1953.26,1404.43,2119.63,662.75,14597.14
2026-07-16,1907.76,1386.24,2074.86,646.93,14303.57
2026-07-17,1866.65,1356.66,2043.6,636.63,14129.65
2026-07-20,1855.93,1362.81,2063.92,631.05,14139.14
2026-07-21,1884.44,1373.17,2069.96,634.92,14320.08
2026-07-22,1862.58,1359.1,2127.37,632.74,14316.96
2026-07-23,1862.48,1402.0,2152.79,641.62,14357.11
2026-07-24,1835.61,1424.41,2143.1,632.69,14356.49
2026-07-27,1747.26,1464.08,2116.5,623.27,14234.27
2026-07-28,1700.82,1468.43,2078.61,609.81,13996.4
2026-07-29,1682.57,1466.42,2034.79,596.04,13830.88
2026-07-30,1683.81,1541.63,2056.56,608.1,14104.69
